Patent No.,issueDate,patAssigneeName
4588585,1984-01-17T04:00:00Z,CETUS ONCOLOGY CORPORATION
3975512,0001-01-01T00:00:00Z,"BOARD OF TRUSTEES OF THE UNIVERSITY OF ILLINOIS, THE"
3975512,0001-01-01T00:00:00Z,"BOARD OF TRUSTEES OF THE UNIVERSITY OF ILLINOIS, THE"
4267179,1981-05-12T04:00:00Z,"JANSSEN PHARMACEUTICA, N.V. A CORP. OF BELGIUM"
3929971,0001-01-01T00:00:00Z,"RESEARCH CORPORATION TECHNOLOGIES, INC."
,,
4219478,1997-01-14T04:00:00Z,PHARMACIA S.P.A.
,,
4735621,1988-04-05T04:00:00Z,THE FEMALE HEALTH COMPANY
4508729,1986-01-21T04:00:00Z,"ADIR, NEUILLY SUR SEINE,"
Re. 30633,,
4431665,1983-10-04T04:00:00Z,ALPHARMA INC.
4866048,1989-09-12T04:00:00Z,LEO PHARMACEUTICAL PRODUCTS LTD. A/S (LOVENS KEMISKE FABRIK PRODUKTIONSAKTIESEISKAB
4535186,1987-04-07T04:00:00Z,WYETH
4886808,2001-07-31T04:00:00Z,HOFFMAN-LA ROCHE INC.
4739101,1988-04-19T04:00:00Z,FOURNIER INDUSTRIE ET SANTE
4369184,1983-01-18T04:00:00Z,"JANSSEN PHARMACEUTICA N.V., A CORP. OF BELGIUM"
4087544,,
4376858,,
4804663,1989-02-14T04:00:00Z,JANSSEN PHARMACEUTICA N.V.
4562073,1985-12-31T04:00:00Z,"TAIHO PHARMACEUTICAL COMPANY, LIMITED, A CORP. OF JAPAN"
4804680,1996-12-31T04:00:00Z,PHIBRO ANIMAL HEALTH CORPORATION
,,
4894369,1990-01-16T04:00:00Z,ORGANON USA INC.
4650807,1985-02-26T04:00:00Z,"MEDEVA CALIFORNIA, INC."
,,
,,
4407288,1983-05-31T04:00:00Z,MIROWSKI FAMILY VENTURES L.L.C.
4978655,1990-12-18T04:00:00Z,YALE UNIVERSITY
4 816456,,
,,
,,
4844882,2006-03-21T04:00:00Z,GE HEALTHCARE AS
,,
4085225,1981-07-28T04:00:00Z,"SOLVAY PHARMA PROPERTIES, INC."
4338317,1982-07-06T04:00:00Z,"MEAD JOHNSON & COMPANY, A CORP. OF DE."
,,
,,
4303651,1981-12-01T04:00:00Z,PHARMACIA AKTIEBOLAG
5279811,0001-01-01T00:00:00Z,"CITIZENS BANK, N.A."
4470972,1984-09-11T04:00:00Z,"SCHERING CORPORATION, A CORP. OF N.J."
4307100,1981-12-22T04:00:00Z,LE CENTRE NATIONAL DE LA RECHERCHE SCIENTIFIQUE (C.N.R.S.)
4602017,1986-07-22T04:00:00Z,SMITHKLINE BEECHAM CORPORATION(A PENNSYLVANIA CORPORATION)
4154839,,
,,
,,
4364921,,
4753935,1988-06-28T04:00:00Z,HOFFMANN-LA ROCHE INC.
4275063,1981-06-23T04:00:00Z,BTG INTERNATIONAL LIMITED
Re. 34879,,
4957924,1990-09-18T04:00:00Z,BURROUGHS WELLCOME CO.
4250334,1980-04-15T04:00:00Z,BAXTER INTERNATIONAL INC.
4628098,1988-03-01T04:00:00Z,"TAKEDA PHARAMCEUTICAL COMPANY, LIMITED"
5070877,2010-05-11T04:00:00Z,"KING PHARMACEUTICALS RESEARCH AND DEVELOPMENT, INC."
4514390,1985-04-30T04:00:00Z,"ROCKEFELLER UNIVERSITY, THE"
4839342,1989-06-13T04:00:00Z,"NATIONAL INSTITUTES OF HEALTH (NIH), U.S. DEPT. OF HEALTH AND HUMAN SERVICES (DHHS), U.S. GOVERNMENT"
4338325 and 4883812,,
4636505,2005-09-13T04:00:00Z,ASTRAZENECA UK LIMITED
,,
4797413,1989-01-10T04:00:00Z,"MERCK & CO., INC., A CORP. OF NJ"
4503067,1985-03-05T04:00:00Z,ROCHE DIAGNOSTICS GMBH
4621077,1986-11-04T04:00:00Z,"MERCK & CO., INC."
4525358,1985-06-25T04:00:00Z,"UCB PHARMA, INC."
4379785,1982-04-13T04:00:00Z,AVENTIS PHARMA DEUTSCHLAND GMBH
4904769,1987-01-27T04:00:00Z,BAYER HEALTHCARE AG
4812561,1989-03-14T04:00:00Z,"SHIONOGI & CO., LTD."
4048306,,
5155268,,
4406899,1983-09-27T04:00:00Z,"BRISTOL-MYERS COMPANY, A CORP. OF DE."
4935437,0001-01-01T00:00:00Z,ZENECA LIMITED
4634697,1987-01-06T04:00:00Z,"SHINOGI AND CO., LTD."
4812561,1989-03-14T04:00:00Z,"SHIONOGI & CO., LTD."
4686214,2013-10-22T04:00:00Z,"ALCON RESEARCH, LTD."
4 634697,,
,,
4235892,,
4457942,1984-07-03T04:00:00Z,"UCYCLYD PHARMA, INC."
4544664,1998-06-16T04:00:00Z,ORION CORPORATION
4670455,1987-09-29T04:00:00Z,ORION-YHTYMA OY
4814470,2000-11-28T04:00:00Z,AVENTIS PHARMA S.A.
5045302,1988-03-15T04:00:00Z,GE HEALTH LIMITED
5142051,1987-04-21T04:00:00Z,INSTITUTE OF ORGANIC CHEMISTRY AND BIOCHEMISTRY             ACADEMY OF SCIENCES OF THE CZECH REPUBLIC
5212303,1988-01-05T04:00:00Z,GALDERMA RESEARCH & DEVELOPMENT
,,
4604463,1986-08-05T04:00:00Z,KABUSHIKI KAISHA YAKULT HONSHA
4717720,1988-01-05T04:00:00Z,GALDERMA RESEARCH & DEVELOPMENT
5015758,2002-02-12T04:00:00Z,GALDERMA RESEARCH & DEVELOPMENT
5212303,1988-01-05T04:00:00Z,GALDERMA RESEARCH & DEVELOPMENT
5015758,2002-02-12T04:00:00Z,GALDERMA RESEARCH & DEVELOPMENT
Re. 34440,,
Re. 34440,,
5089480,1992-02-18T04:00:00Z,"PFIZER INC., A CORPORATION OF DELAWARE"
,,
4717720,1988-01-05T04:00:00Z,GALDERMA RESEARCH & DEVELOPMENT
5019583,2011-08-02T04:00:00Z,BIONICHE PHARMA GROUP LIMITED
4309445,,
,,
4902683,,
4861584,1989-08-29T04:00:00Z,SUD-CHEMIE INC.
4670444,1987-01-27T04:00:00Z,BAYER HEALTHCARE AG
4260769,1987-03-24T04:00:00Z,DUPONT PHARMACEUTICALS COMPANY
5004758,1997-04-01T04:00:00Z,GLAXOSMITHKLINE LLC
5435989; 5441745; and 5019369,,
4859692,1996-12-10T04:00:00Z,ASTRAZENECA PHARMACEUTICALS LP
5008256,1991-04-16T04:00:00Z,GLAXO GROUP LIMITED
5145863,,
4599353,1986-07-08T04:00:00Z,"TRUSTEES OF COLUMBIA UNIVERSITY IN THE CITY OF NEW YORK, THE, A CORP. OF NY."
4062848,,
5164194,1993-12-21T04:00:00Z,MEDA PHARMACEUTICALS INC.
4830010,1989-05-16T04:00:00Z,MEDQUEST PTY LTD.
4954348,1986-04-22T04:00:00Z,GUERBET LLC
5021458,,
,,
,,
4689339,1998-06-16T04:00:00Z,ORION CORPORATION
,,
,,
,,
,,
,,
,,
,,
,,
4947840,1990-08-14T04:00:00Z,"NATIONAL INSTITUTES OF HEALTH (NIH), U.S. DEPT. OF HEALTH AND HUMAN SERVICES (DHHS), U.S. GOVERNMENT"
,,
,,
4795751,1989-01-03T04:00:00Z,"DAINIPPON PHARMACEUTICAL CO., LTD., 25, DOSHOMACHI 3-CHME, HIGASHI-KU, OSAKA, JAPAN, A CORP OF JAPAN"
4637994,1987-01-20T04:00:00Z,KANEGAFUCHI KAGAKU KOGYO KABUSHIKI KAISHA
4427663,1984-01-24T04:00:00Z,"MERCK & CO., INC., A NJ CORP."
4199569,,
,,
,,
4290962,1981-09-22T04:00:00Z,"TAISHO PHARMACEUTICAL CO, LTD."
4898724,1992-11-10T04:00:00Z,"EUSA PHARMA (USA), INC."
,,
4808614,,
4808605,1989-02-28T04:00:00Z,"HOFFMANN-LA ROCHE INC., NUTLEY, NEW JERSEY, A CORP. OF NEW JERSEY"
5192808,1992-09-29T04:00:00Z,"DEPRENYL INC., USA"
4526892,1985-07-02T04:00:00Z,PHARMACIA ITALIA S.P.A.
,,
,,
4904768,1990-02-27T04:00:00Z,BRISTOL-MYERS COMPANY
4886812,1988-03-15T04:00:00Z,BOEHRINGER INGELHEIM INTERNATIONAL GMBH
,,
,,
4696949,1998-06-16T04:00:00Z,ORION CORPORATION
,,
4876248,0001-01-01T00:00:00Z,SANOFI-AVENTIS
4264500,1997-10-07T04:00:00Z,PFIZER INC.
4757057,1988-07-12T04:00:00Z,PHARMACIA & UPJOHN AKTIEBOLAG
4197297,0001-01-01T00:00:00Z,NEUREX CORPORATION
4886062,,
,,
,,
,,
,,
5270317,0001-01-01T00:00:00Z,SANOFI-AVENTIS
4879288,1996-12-10T04:00:00Z,ASTRAZENECA PHARMACEUTICALS LP
4362567,,
5236952,0001-01-01T00:00:00Z,VALEANT PHARMACEUTICALS INTERNATIONAL
4490351,1984-12-25T04:00:00Z,"VITROPHAGE, INC."
4898461,2010-04-27T04:00:00Z,ABBOTT MEDICAL OPTICS INC.
,,
4452808,1984-06-05T04:00:00Z,SMITHKLINE BECKMAN CORPORATION
4746680,1988-05-24T04:00:00Z,KNOLL AG
4906755,0001-01-01T00:00:00Z,AVENTISUB INC.
,,
,,
,,
5312924,,
,,
5246925,,
5196444,1988-03-01T04:00:00Z,"TAKEDA PHARAMCEUTICAL COMPANY, LIMITED"
5565473,1996-10-15T04:00:00Z,MERCK SHARP & DOHME PHARMACEUTICALS SRL
5368840,1994-11-29T04:00:00Z,"IMARX THERAPEUTICS, INC."
4845075,1989-07-04T04:00:00Z,"ZYMOGENETICS, INC."
,,
5156957,1992-10-20T04:00:00Z,"GENZYME CORPORATION,   A DE CORP."
,,
4978672,1990-12-18T04:00:00Z,NOVARTIS PHARMACEUTICALS CORP.
,,
5234404,,
5292756,0001-01-01T00:00:00Z,MEDICURE INTERNATIONAL INC.
,,
5164402,1992-11-17T04:00:00Z,"PFIZER INC., 235 EAST 42ND STREET, NEW YORK, NEW YORK A CORP. OF DELAWARE"
5215895,1985-05-21T04:00:00Z,"GENETICS INSTITUTE, LLC"
,,
5089509,1985-06-25T04:00:00Z,"ALLERGAN, INC."
4559334,1985-12-17T04:00:00Z,ASTELLAS PHARMA INC.
4935507,1985-12-17T04:00:00Z,ASTELLAS PHARMA INC.
,,
5034394,1991-07-23T04:00:00Z,GLAXO GROUP LIMITED
4689320,1987-08-25T04:00:00Z,"ISIS PHARMACEUTICALS, INC."
5378703,2013-10-22T04:00:00Z,"ALCON RESEARCH, LTD."
5298520,1994-03-29T04:00:00Z,MERCK SHARP & DOHME LTD.
4847265,2012-08-07T04:00:00Z,SANOFI
5180668,0001-01-01T00:00:00Z,BAYER SCHERING PHARMA AKTIENGESELLSCHAFT
4284786,1982-04-13T04:00:00Z,AVENTIS PHARMA DEUTSCHLAND GMBH
4826763,1989-05-02T04:00:00Z,"NOVO INDUSTRI A/S, A DANISH CORPORATION"
,,
4933456,1990-06-12T04:00:00Z,"SALUTAR, INC."
,,
,,
4704275,1987-11-03T04:00:00Z,UNITED STATES OF AMERICA AS REPRESENTED BY THE SECRETARY OF THE DEPARTMENT OF HEALTH AND HUMAN SERVICES THE
4485088,1984-11-27T04:00:00Z,"LATHROTEC, INC., A CORP. OF ARIZONA"
4954126,1988-03-22T04:00:00Z,AMS MEDINVENT S.A.
,,
,,
,,
,,
,,
4177290,0001-01-01T00:00:00Z,"CEPHALON, INC."
5006530,1991-04-09T04:00:00Z,"ANGERBAUER, ROLF"
4695623,0001-01-01T00:00:00Z,"CORTLAND CAPITAL MARKET SERVICES LLC, AS ADMINISTRATIVE AGENT"
4598089,1986-07-01T04:00:00Z,HOFFMANN-LA ROCHE INC.
,,
5382600,1995-01-17T04:00:00Z,PFIZER HEALTH AB
5010090,1991-04-23T04:00:00Z,"LASALLE BUSINESS CREDIT, INC"
4798827,2000-11-28T04:00:00Z,AVENTIS PHARMA S.A.
5886036,2013-06-18T04:00:00Z,ABBVIE INC.
4668669,2000-11-28T04:00:00Z,AVENTIS PHARMA S.A.
5221763,,
4559174,1994-11-01T04:00:00Z,NOVARTIS CORPORATION
5385732,,
,,
5125926,2005-07-05T05:00:00Z,NOVADAQ TECHNOLOGIES INC.
4291708,2003-05-06T04:00:00Z,TRANSSCAN MEDICAL LTD.
4626538,1986-12-02T04:00:00Z,JONES PHARMA INCORPORATED
4386085,1984-05-08T04:00:00Z,"POPULATION COUNCIL, INC., THE"
4943639,,
4868112,1985-05-21T04:00:00Z,"GENETICS INSTITUTE, LLC"
4650884,1987-03-17T04:00:00Z,H. LUNDBECK A/S
4594401,1986-06-10T04:00:00Z,"SHIN-ETSU CHEMICAL CO., LTD."
5360817,1994-11-01T04:00:00Z,BIOTA SCIENTIFIC MANAGEMENT PTY LTD
4738974,,
4663318,1987-05-05T04:00:00Z,SYNAPTECH INC.
4418068,1983-11-29T04:00:00Z,"ELI LILLY AND COMPANY, AN IN CORP."
4874794,1989-10-17T04:00:00Z,"HSBC BANK USA, NATIONAL ASSOCIATION AS INDENTURE TRUSTEE"
4490517,1984-12-25T04:00:00Z,OLIN CORPORATION
4690951,1987-09-01T04:00:00Z,ELI LILLY AND COMPANY
5889052,2013-10-22T04:00:00Z,"ALCON RESEARCH, LTD."
4555364,1985-11-26T04:00:00Z,WISCONSIN ALUMNI RESEARCH FOUNDATION
,,
,,
4687777,1987-08-18T04:00:00Z,TAKEDA CHEMICAL INDUSTRIES LTD.
5446194,1990-10-16T04:00:00Z,ORION CORPORATION
5712155,,
4911920,2013-10-22T04:00:00Z,"ALCON RESEARCH, LTD."
4758579,1988-07-19T04:00:00Z,NYCOMED GMBH
5565447,1995-10-24T04:00:00Z,"ALMIRALL, S.A."
5951974,1999-09-14T04:00:00Z,"ENZON, INC."
5444106,2010-04-27T04:00:00Z,ABBOTT MEDICAL OPTICS INC.
5527521,0001-01-01T00:00:00Z,"CITIZENS BANK, N.A."
,,
5360800,1994-11-01T04:00:00Z,SEBELA INTERNATIONAL LIMITED
5194247,2013-08-06T04:00:00Z,"AQUA PHARMACEUTICALS, LLC"
4412992,1996-03-12T04:00:00Z,"BARCLAYS BANK PLC, AS COLLATERAL AGENT"
5214052,1993-05-25T04:00:00Z,MITSUBISHI CHEMICAL CORPORATION
5521184,1994-11-01T04:00:00Z,NOVARTIS CORPORATION
5521184,1994-11-01T04:00:00Z,NOVARTIS CORPORATION
5521184,1994-11-01T04:00:00Z,NOVARTIS CORPORATION
5521184,1994-11-01T04:00:00Z,NOVARTIS CORPORATION
5521184,1994-11-01T04:00:00Z,NOVARTIS CORPORATION
5521184,1994-11-01T04:00:00Z,NOVARTIS CORPORATION
5521184,1994-11-01T04:00:00Z,NOVARTIS CORPORATION
5521184,1994-11-01T04:00:00Z,NOVARTIS CORPORATION
5521184,1994-11-01T04:00:00Z,NOVARTIS CORPORATION
4855290,1989-08-08T04:00:00Z,"STATE OF ISRAEL, REPRESENTED BY PRIME MINISTER'S OFFICE, ISRAEL INSTITUTE FOR BIOLOGICAL RESEARCH"
4784950,1988-11-15T04:00:00Z,NOVO NORDISK HEALTH CARE AG
4784950,1988-11-15T04:00:00Z,NOVO NORDISK HEALTH CARE AG
4784950,1988-11-15T04:00:00Z,NOVO NORDISK HEALTH CARE AG
4784950,1988-11-15T04:00:00Z,NOVO NORDISK HEALTH CARE AG
4784950,1988-11-15T04:00:00Z,NOVO NORDISK HEALTH CARE AG
4784950,1988-11-15T04:00:00Z,NOVO NORDISK HEALTH CARE AG
5260291,1993-11-09T04:00:00Z,CANCER RESEARCH CAMPAIGN TECHNOLOGY LIMITED
5260291,1993-11-09T04:00:00Z,CANCER RESEARCH CAMPAIGN TECHNOLOGY LIMITED
5100899,,
5002953,1991-03-26T04:00:00Z,SMITHKLINE BEECHAM CORPORATION
6083953,2000-07-04T04:00:00Z,ROCHE PALO ALTO LLC
5514650,1998-11-03T04:00:00Z,MERCK SHARP & DOHME CORP.
34878,,
4939130,1990-07-03T04:00:00Z,NOVARTIS PHARMACEUTICALS CORPORATION
,,
4910214,1988-11-08T04:00:00Z,ORION CORPORATION
4513006,1985-04-23T04:00:00Z,"MC NEILAB, INC., A PA CORP."
4793353,1988-12-27T04:00:00Z,"NEUROMED, INC."
4980470,1990-12-25T04:00:00Z,"KYORIN PHARMACEUTICAL CO., LTD."
5079262,1992-01-07T04:00:00Z,QUEEN'S UNIVERSITY AT KINGSTON
5532221,1996-07-02T04:00:00Z,"LIFECORE BIOMEDICAL, INC."
,,
4659516,1987-04-21T04:00:00Z,ASTRAZENECA UK LIMITED
37721,,
4976709,0001-01-01T00:00:00Z,21X CAPITAL LTD.
5567817,1996-10-22T04:00:00Z,"PFIZER, INC."
4959366,1990-09-25T04:00:00Z,"PFIZER INC.,  A CORP. OF DE"
5639443,1997-06-17T04:00:00Z,TARGESON INC
5776456,2010-03-23T04:00:00Z,BIOGEN INC.
4948807,,
4808616,2003-06-10T04:00:00Z,PHARMACIA ITALIA S.P.A.
5360897,,
5292740,1994-03-08T04:00:00Z,F.HOFFMANN-LA ROCHE AG
5292740,1994-03-08T04:00:00Z,F.HOFFMANN-LA ROCHE AG
5616599,1997-04-01T04:00:00Z,"DAIICHI SANKYO COMPANY, LIMITED"
4839350,1989-06-13T04:00:00Z,"MEIJI SEIKA KAISHA, LTD."
4775624; 5681932; and 5270040,,
5006528,1991-04-09T04:00:00Z,"OTSUKA PHARMACEUTICAL CO., LTD."
5521207,1996-05-28T04:00:00Z,G.D. SEARLE & CO.
34712,,
5478820,2005-09-13T04:00:00Z,ASTRAZENECA UK LIMITED
5420319,1994-03-01T04:00:00Z,DEBIO PHARM S.A.
5658590,1997-08-19T04:00:00Z,ELI LILLY AND COMPANY
5688819,1985-06-25T04:00:00Z,"ALLERGAN, INC."
5153222,1993-08-10T04:00:00Z,UNITED THERAPEUTICS CORPORATION
5464864 and 5616603,,
4761237,,
5876746,2000-11-21T04:00:00Z,"ORTHO-MCNEIL PHARMACEUTICAL, INC."
5510353,1989-02-07T04:00:00Z,NOVARTIS AG
4745177,1987-03-31T04:00:00Z,UCP GEN-PHARMA AG
5356804,1994-10-18T04:00:00Z,"NATIONAL INSTITUTES OF HEALTH (NIH), U.S. DEPT. OF HEALTH AND HUMAN SERVICES (DHHS), U.S. GOVERNMENT"
5356804,1994-10-18T04:00:00Z,"NATIONAL INSTITUTES OF HEALTH (NIH), U.S. DEPT. OF HEALTH AND HUMAN SERVICES (DHHS), U.S. GOVERNMENT"
5962468; 5776944; and 5633262,,
5780454,1998-07-14T04:00:00Z,"MILLENNIUM PHARMACEUTICALS, INC., A CORP. OF DELAWARE"
5780454,1998-07-14T04:00:00Z,"MILLENNIUM PHARMACEUTICALS, INC., A CORP. OF DELAWARE"
5780454,1998-07-14T04:00:00Z,"MILLENNIUM PHARMACEUTICALS, INC., A CORP. OF DELAWARE"
5780454,1998-07-14T04:00:00Z,"MILLENNIUM PHARMACEUTICALS, INC., A CORP. OF DELAWARE"
5780454,1998-07-14T04:00:00Z,"MILLENNIUM PHARMACEUTICALS, INC., A CORP. OF DELAWARE"
,,
5667787,1997-09-16T04:00:00Z,"SANOFI PASTEUR, INC."
5070808 and 4937234,,
5382518,0001-01-01T00:00:00Z,SANOFI-AVENTIS
5362755,1994-11-08T04:00:00Z,SUNOVION PHARMACEUTICALS INC.
5545403,1996-08-13T04:00:00Z,SMITHKLINE BEECHAM CORPORATION
,,
5849911,1998-12-15T04:00:00Z,NOVARTIS CORPORATION
5095030,1992-03-10T04:00:00Z,"BRITISH COLUMBIA, THE UNIVERSITY OF"
5075222,2003-07-29T04:00:00Z,"REGENTS OF THE UNIVERSITY OF COLORADO, THE"
5075222,2003-07-29T04:00:00Z,"REGENTS OF THE UNIVERSITY OF COLORADO, THE"
4963489,1988-01-26T04:00:00Z,"CANAAN VII L.P., AS ADMINISTRATION AGENT"
5547853,0001-01-01T00:00:00Z,ASTELLAS US LLC
4801577,1989-01-31T04:00:00Z,"SYNTEX (U.S.A.) INC.,   A CORP. OF DE"
4831031,1989-05-16T04:00:00Z,PFIZER INC.
5135943,1992-08-04T04:00:00Z,FERRER INTERNACIONAL S.A.
4659716,1987-04-21T04:00:00Z,SCHERING CORPORATION
5354330,0001-01-01T00:00:00Z,"MEDTRONIC ATS MEDICAL, INC."
4826868,1989-05-02T04:00:00Z,"ORTHO PHARMACEUTICAL CORPORATION, A CORP. OF NEW JERSEY"
,,
5610163,1997-03-11T04:00:00Z,BOEHRINGER INGELHEIM PHARMA GMBH & CO. KG
5096890,2016-02-09T04:00:00Z,ALLERGAN PHARMACEUTICALS INTERNATIONAL LIMITED
6267958,2001-07-31T04:00:00Z,"GENENTECH, INC."
6090382,2000-07-18T04:00:00Z,ABBVIE BIOTECHNOLOGY LTD.
6090382,2000-07-18T04:00:00Z,ABBVIE BIOTECHNOLOGY LTD.
6090382,2000-07-18T04:00:00Z,ABBVIE BIOTECHNOLOGY LTD.
6090382,2000-07-18T04:00:00Z,ABBVIE BIOTECHNOLOGY LTD.
6090382,2000-07-18T04:00:00Z,ABBVIE BIOTECHNOLOGY LTD.
6090382,2000-07-18T04:00:00Z,ABBVIE BIOTECHNOLOGY LTD.
6090382,2000-07-18T04:00:00Z,ABBVIE BIOTECHNOLOGY LTD.
6090382,2000-07-18T04:00:00Z,ABBVIE BIOTECHNOLOGY LTD.
5202333,1993-04-13T04:00:00Z,ROCHE PALO ALTO LLC
,,
5563146,1987-04-07T04:00:00Z,WYETH
4937078,1990-06-26T04:00:00Z,LIPODERM PHARMACEUTICALS LTD.
5344932,,
6217866,2001-04-17T04:00:00Z,AVENTIS HOLDINGS INC.
5545644,1996-08-13T04:00:00Z,PFIZER INC.
4840896,1989-06-20T04:00:00Z,GENZYME CORPORATION
RE37314,,
5795864 and 5364842,,
5840299,1998-11-24T04:00:00Z,BIOGEN MA INC.
5376634,2006-08-22T04:00:00Z,ASTELLAS PHARMA INC.
5034230,1991-07-23T04:00:00Z,"SANTEN PHARMACEUTICAL CO., LTD."
5376634,2006-08-22T04:00:00Z,ASTELLAS PHARMA INC.
6017927,2005-10-25T04:00:00Z,ASTELLAS PHARMA INC.
,,
5198533,1993-03-30T04:00:00Z,"ADMINISTRATORS OF THE TULANE EDUCATIONAL FUND, THE"
5681814,1997-10-28T04:00:00Z,"GENENTECH, INC."
5827937,1998-10-27T04:00:00Z,Q MED AB
5639639,,
4661491,0001-01-01T00:00:00Z,SANOFI-AVENTIS
5529990,,
5565467,1996-10-15T04:00:00Z,SMITHKLINE BEECHAM CORPORATION
4885243,2013-08-13T04:00:00Z,"CALIXA THERAPEUTICS, INC."
4559332,1994-11-01T04:00:00Z,NOVARTIS CORPORATION
5686411,1996-12-03T04:00:00Z,ASTRAZENECA PHARMACEUTICALS LP
6034239,1986-09-16T04:00:00Z,"TAKEDA PHARMACEUTICAL COMPANY, LIMITED"
4927814,1990-05-22T04:00:00Z,HOFFMANN-LA ROCHE INC.
5859006,2001-04-17T04:00:00Z,"ICOS CORPORATION, A WASHINGTON CORPORATION"
5716981,0001-01-01T00:00:00Z,"ANGIOTECH PHARMACEUTICALS, INC."
4916246,1990-04-10T04:00:00Z,BRACCO INTERNATIONAL B.V.
5023269,,
5681818,,
4631278,1986-12-23T04:00:00Z,"JANSSEN PHARMACEUTICA N.V., A CORP OF BELGIUM"
5719147,1998-11-03T04:00:00Z,MERCK SHARP & DOHME CORP.
6133418,,
6054297,,
6054297,,
6054297,,
6054297,,
6054297,,
6054297,,
6054297,,
6054297,,
6054297,,
6054297,,
6054297,,
6051698,0001-01-01T00:00:00Z,"THE REGENTS OF THE UNIVERSITY OF COLORADO, SUCCESSOR IN INTEREST TO UNIVERSITY RESEARCH CORPORATION AND/OR UNIVERSITY LICENSE EQUITY HOLDINGS, INC."
5852195,1998-12-22T04:00:00Z,PHARMACIA & UPJOHN COMPANY
4916154,1990-04-10T04:00:00Z,WYETH HOLDINGS CORPORATION
6107458 and 6265536,,
5661136,,
5635485,1994-07-12T04:00:00Z,AVENTIS PHARMA S.A.
6107458 and 6265536,,
,,
5843901,1998-12-01T04:00:00Z,INDIANA UNIVERSITY RESEARCH AND TECHNOLOGY CORPORATION
5747498,2005-05-31T04:00:00Z,"OSI PHARMACEUTICALS, LLC."
,,
5424286,0001-01-01T00:00:00Z,"AMYLIN PHARMACEUTICALS, INC."
5114923,1992-05-19T04:00:00Z,SCIOS INC.
6420536,2003-02-04T04:00:00Z,ZOETIS SERVICES LLC
4927814,1990-05-22T04:00:00Z,HOFFMANN-LA ROCHE INC.
5494903,1996-02-27T04:00:00Z,WYETH HOLDINGS LLC
5750497,1998-05-12T04:00:00Z,NOVO NORDISK A/S
6465504,2002-10-15T04:00:00Z,NORVARTIS AG
5206244,1993-04-27T04:00:00Z,BRISTOL-MYERS SQUIBB COMPANY
5284858,2001-07-24T04:00:00Z,SUCAMPO AG
5292331; 5800509; 5836965; 5879382; 5891190; 6159229; 6309402; and 6344053,,
5635517,1997-06-03T04:00:00Z,CELGENE CORPORATION
5635517,1997-06-03T04:00:00Z,CELGENE CORPORATION
5635517,1997-06-03T04:00:00Z,CELGENE CORPORATION
5635517,1997-06-03T04:00:00Z,CELGENE CORPORATION
5635517,1997-06-03T04:00:00Z,CELGENE CORPORATION
5635517,1997-06-03T04:00:00Z,CELGENE CORPORATION
5635517,1997-06-03T04:00:00Z,CELGENE CORPORATION
5635517,1997-06-03T04:00:00Z,CELGENE CORPORATION
5635517,1997-06-03T04:00:00Z,CELGENE CORPORATION
5981576,0001-01-01T00:00:00Z,MERCK CANADA INC.
5618913,1997-04-08T04:00:00Z,NOVO NORDISK A/S
5914331,,
5667767,1998-08-18T04:00:00Z,"MICRO THERAPEUTICS, INC."
4861779,1989-08-29T04:00:00Z,"PFIZER INC., A CORP. OF DE."
,,
5723606,1998-03-03T04:00:00Z,CUMBERLAND PHARMACEUTICALS INC.
5223256,2009-11-03T04:00:00Z,"EKR THERAPEUTICS, INC."
5677278,,
4567264,1986-01-28T04:00:00Z,"CV THERAPEUTICS, INC."
5661151,1996-09-03T04:00:00Z,MERCK SHARP & DOHME CORP.
5770599,1998-06-23T04:00:00Z,ASTRAZENECA UK LIMITED
5199939,,
5968976,1999-10-19T04:00:00Z,"SHIRE INTERNATIONAL LICENSING, B.V."
5851795,,
5932211,1999-08-03T04:00:00Z,WOMEN'S AND CHILDREN'S HOSPITAL
5633272,1997-05-27T04:00:00Z,PHARMACIA & UPJOHN COMPANY LLC
5820870,1998-11-03T04:00:00Z,MERCK SHARP & DOHME CORP.
5849535,2021-01-05T05:00:00Z,"A. C. NIELSEN COMPANY, LLC"
6118045,0001-01-01T00:00:00Z,PHARMING GROUP N.V.
6248775,,
4958632,1990-09-25T04:00:00Z,"MEDTRONIC, INC."
,,
4900735,1990-02-13T04:00:00Z,"INTERVET INTERNATIONAL B.V., A CORPORATION OF THE NETHERLANDS"
5101013,2006-01-03T04:00:00Z,SANOFI-AVENTIS DEUTSCHLAND GMBH
5192319,,
5124316,1991-09-10T04:00:00Z,"BIOMIMETIC THERAPEUTICS, INC."
6235030,1990-11-13T04:00:00Z,KYPHON SARL
5061703 and 5614560,,
5418226,2007-06-12T04:00:00Z,N.V. ORGANON
6410550,2002-06-25T04:00:00Z,PFIZER INC.
5470932,2013-10-22T04:00:00Z,"ALCON RESEARCH, LTD."
5344452,2005-08-09T05:00:00Z,"SUNEVA MEDICAL, INC."
5453446,1995-02-07T04:00:00Z,TEVA PHARMACEUTICAL INDUSTRIES LTD.
5559111,0001-01-01T00:00:00Z,NODEN PHARMA DAC
5482934,1996-01-09T04:00:00Z,ASTRAZENECA AB
6235883,2010-10-05T04:00:00Z,AMGEN FREMONT INC.
5158952,1992-10-27T04:00:00Z,"ORTHO-MCNEIL-JANSSEN PHARMACEUTICALS, INC."
RE38506 E,,
6639055,,
6639055,,
6639055,,
6639055,,
6639055,,
6639055,,
6639055,,
6639055,,
6639055,,
6639055,,
6639055,,
6395716 and 6569837,,
6407213; 6884879; and 7060269,,
5795911 and 5968973,,
,,
5626851,1997-05-06T04:00:00Z,THE CHILDREN'S HOSPITAL FOUNDATION
5965525,1999-10-12T04:00:00Z,ELI LILLY AND COMPANY
6713485,0001-01-01T00:00:00Z,NOVARTIS AG
6605599,2014-10-28T04:00:00Z,R-PHARM US OPERATING LLC
5595760,2014-09-02T04:00:00Z,IPSEN PHARMA S.A.S.
5595760,2014-09-02T04:00:00Z,IPSEN PHARMA S.A.S.
5703017; 5840722; 5932730; and 7109205,,
6444673,0001-01-01T00:00:00Z,SUNOVION PHARMACEUTICALS INC.
6583272,2003-06-24T04:00:00Z,HOFFMANN-LA ROCHE INC.
6667314,2003-12-23T04:00:00Z,PHIVCO-1 LLC
5364646,1994-11-15T04:00:00Z,KARL THOMAE GMBH
5258028;. 5336263; and 5571182,,
5624411,1997-04-29T04:00:00Z,"MEDTRONIC, INC."
6355245,2002-03-12T04:00:00Z,"ALEXION PHARMACEUTICALS, INC."
6355245,2002-03-12T04:00:00Z,"ALEXION PHARMACEUTICALS, INC."
6355245,2002-03-12T04:00:00Z,"ALEXION PHARMACEUTICALS, INC."
6355245,2002-03-12T04:00:00Z,"ALEXION PHARMACEUTICALS, INC."
,,
RE39128E,,
6255320,2003-02-25T04:00:00Z,ZOETIS SERVICES LLC
6222038,2001-04-24T04:00:00Z,ZOETIS SERVICES LLC
5514773,2006-08-22T04:00:00Z,ASTELLAS PHARMA INC.
6884434,2005-04-26T04:00:00Z,UCB MANUFACTURING IRELAND LIMITED
6011068; 6211244; and 6313146,,
6011068; 6211244; and 6313146,,
6011068; 6211244; and 6313146,,
7037917,2006-05-02T04:00:00Z,JANSSEN PHARMACEUTICA N.V.
6114319,2000-09-05T04:00:00Z,"SENJU PHARMACEUTICAL CO., LTD."
5387603,1995-02-07T04:00:00Z,"KISSEI PHARMACEUTICAL CO., LTD."
6039931,2012-12-04T04:00:00Z,BAYER INTELLECTUAL PROPERTY GMBH
5476777; 5502034; and 5527692,,
5451233,,
6835809,2011-10-25T04:00:00Z,AMGEN INC.
6835809,2011-10-25T04:00:00Z,AMGEN INC.
6835809,2011-10-25T04:00:00Z,AMGEN INC.
6835809,2011-10-25T04:00:00Z,AMGEN INC.
6403567 and 6642210,,
RE 39593,,
6740669,0001-01-01T00:00:00Z,NOVARTIS PHARMA AG
5317016,1994-05-31T04:00:00Z,SHIONGI SEIYAKU KABUSHIKI KAISHA
6306141,1997-01-28T04:00:00Z,"MEDTRONIC, INC."
5739152 and 5856346,,
5691336,1998-11-03T04:00:00Z,MERCK SHARP & DOHME CORP.
5250542 and 5434171,,
5925730,1998-10-13T04:00:00Z,FERRING BV
6204257 and 6872838,,
RE39198,2000-10-31T04:00:00Z,AVENTIS HOLDINGS INC.
6858650,2011-04-05T04:00:00Z,UCB PHARMA GMBH
5583131,0001-01-01T00:00:00Z,GENZYME CORPORATION
5665772,1997-09-09T04:00:00Z,NOVARTIS AG (FORMERLY SANDOZ LTD)
5665772,1997-09-09T04:00:00Z,NOVARTIS AG (FORMERLY SANDOZ LTD)
5665772,1997-09-09T04:00:00Z,NOVARTIS AG (FORMERLY SANDOZ LTD)
5665772,1997-09-09T04:00:00Z,NOVARTIS AG (FORMERLY SANDOZ LTD)
5665772,1997-09-09T04:00:00Z,NOVARTIS AG (FORMERLY SANDOZ LTD)
6602911 and 6992110,,
5654301 and RE38551,,
5654301 and RE38551,,
6676929 and 7060250,,
7160870,2015-11-10T04:00:00Z,NOVARTIS PHARMA AG
7160870,2015-11-10T04:00:00Z,NOVARTIS PHARMA AG
7160870,2015-11-10T04:00:00Z,NOVARTIS PHARMA AG
5759580 and 6545040,,
6673838 and 7291347,,
6395767,2008-09-02T04:00:00Z,ASTRAZENECA AB
,,
,,
,,
5288726,1994-02-22T04:00:00Z,UBE INDUSTRIES LIMITED
6156067,2007-11-13T04:00:00Z,"MEDTRONIC SOFAMOR DANEK, INC."
6309650,2001-10-30T04:00:00Z,UNITED STATES ARMY
5711958,1998-01-27T04:00:00Z,YISSUM RESEARCH DEVELOPMENT COMPANY OF THE HEBREW UNIVERSITY OF JERUSALEM LTD.
5763476,2014-02-25T04:00:00Z,FOREST LABORATORIES HOLDINGS LIMITED
5614520,1997-05-06T04:00:00Z,TEIJIN LIMITED
6902734 and 7166285,,
5447926,0001-01-01T00:00:00Z,WP PRISM INC. (N/K/A BAUSCH & LOMB HOLDINGS INC.)
7446175,2008-11-04T04:00:00Z,NOVARTIS AG
7446175,2008-11-04T04:00:00Z,NOVARTIS AG
7446175,2008-11-04T04:00:00Z,NOVARTIS AG
7446175,2008-11-04T04:00:00Z,NOVARTIS AG
7446175,2008-11-04T04:00:00Z,NOVARTIS AG
6780877,2004-08-24T04:00:00Z,MITSUBISHI TANABE PHARMA CORPORATION
5380936,1995-01-10T04:00:00Z,LUNDBECK INC.
5677331,1997-02-11T04:00:00Z,NOVARTIS AG
5223510 and 7323493,,
6635618; 6872701; and 7208471,,
5258510 and 5753677,,
5262035,2010-02-23T04:00:00Z,ABBOTT DIABETES CARE INC.
5196404,1999-02-09T04:00:00Z,"BIOGEN IDEC MA, INC."
6028071,2000-02-22T04:00:00Z,"NATIONAL INSTITUTES OF HEALTH (NIH), U.S. DEPT. OF HEALTH AND HUMAN SERVICES (DHHS), U.S. GOVERNMENT"
5856336,1999-01-05T04:00:00Z,NISSAN CHEMICAL CORPORATION
5370879 and 5540938,,
7351533,2008-04-01T04:00:00Z,"MEDIMMUNE, INC."
4977138,1990-12-11T04:00:00Z,ASTELLAS PHARMA INC.
4977138,1990-12-11T04:00:00Z,ASTELLAS PHARMA INC.
7138262,2007-06-12T04:00:00Z,"SHIRE HUMAN GENETIC THERAPIES, INC."
6441145,0001-01-01T00:00:00Z,"GTC BIOTHERAPEUTICS, INC."
,,
6020329,2012-10-30T05:00:00Z,ZOETIS SERVICES LLC
7105530,0001-01-01T00:00:00Z,NOVARTIS AG
,,
,,
,,
,,
,,
6306900,,
6034267,2000-03-07T04:00:00Z,PHOTOCURE ASA
6589508,2011-11-22T04:00:00Z,SUNOVION PHARMACEUTICALS INC.
6462058; 6664276; and 6939971,,
6500829,2002-12-31T04:00:00Z,UNIVERSITY OF STRATHCLYDE
5698558,0001-01-01T00:00:00Z,SUNOVION PHARMACEUTICALS INC.
5254556,1993-10-19T04:00:00Z,"ORTHO-MCNEIL-JANSSEN PHARMACEUTICALS, INC."
5607690,,
,,
6417175 and 6906055,,
6063771 and 6342482,,
5310912,1994-05-10T04:00:00Z,GE HEALTHCARE LIMITED
5532372,2015-11-03T04:00:00Z,"SUMITOMO DAINIPPON PHARMA CO., LTD."
,,
5795685 and 7276480,,
5795685 and 7276480,,
6268343,2001-07-31T04:00:00Z,NOVO NORDISK A/S
6411852,2001-08-14T04:00:00Z,"BOSTON SCIENTIFIC SCIMED, INC."
6214865,2001-04-10T04:00:00Z,"EISAI R&D MANAGEMENT CO., LTD."
[[Page 26291]]6783965,,
[[Page 26291]]6783965,,
5468743,1995-11-21T04:00:00Z,JANSSEN PHARMACEUTICA N.V.
6087380,2003-04-08T04:00:00Z,BOEHRINGER INGELHEIM PHARMA GMBH & CO. KG
5604229,1997-02-18T04:00:00Z,MITSUBISHI TANABE PHARMA CORPORATION
5861379,2014-10-28T04:00:00Z,"THERATECHNOLOGIES, INC."
6599498,0001-01-01T00:00:00Z,COVIS PHARMA GMBH
5847170 and 6331635,,
5372818,1994-12-13T04:00:00Z,DECHRA LIMITED
,,
,,
,,
7247655 and 7348361,,
RE38158,1996-03-26T04:00:00Z,"NEOMEND, INC."
5362718,2011-03-15T04:00:00Z,WYETH LLC
7230098,2010-09-28T05:00:00Z,PFIZER INC.
7230098,2010-09-28T05:00:00Z,PFIZER INC.
7230098,2010-09-28T05:00:00Z,PFIZER INC.
7230098,2010-09-28T05:00:00Z,PFIZER INC.
7230098,2010-09-28T05:00:00Z,PFIZER INC.
7230098,2010-09-28T05:00:00Z,PFIZER INC.
7230098,2010-09-28T05:00:00Z,PFIZER INC.
6441168,2001-08-07T04:00:00Z,MERCK & CIE
5411552,2009-11-17T04:00:00Z,EDWARDS LIFESCIENCES AG
5604213,1997-02-18T04:00:00Z,BTG INTERNATIONAL LIMITED
5591444,1997-01-07T05:00:00Z,"FIBROCELL SCIENCE, INC."
5980864,0001-01-01T00:00:00Z,BAYER INTELLECTUAL PROPERTY GMBH
5712298,1996-01-09T04:00:00Z,ASTRAZENECA AB
7094874,2006-08-22T04:00:00Z,BRISTOL-MYERS SQUIBB COMPANY
5614382,,
6538151,0001-01-01T00:00:00Z,"THE BANK OF NEW YORK MELLON, AS NOTES COLLATERAL AGENT"
5648333,1997-07-15T04:00:00Z,SANOF-AVENTIS DEUTSCHLAND GMBH
7070959; 7374757; and 7374758,,
6291523 and 7115662,,
7136699,2024-04-23T04:00:00Z,BIOPHARMA CREDIT PLC
6208749,0001-01-01T00:00:00Z,"STRATA SKIN SCIENCES, INC."
6525060; 6251910; 7250419; and 7265124,,
"6,984,720; 7,605,238",,
"6,984,720; 7,605,238",,
"6,984,720; 7,605,238",,
"6,984,720; 7,605,238",,
"6,984,720; 7,605,238",,
7125879,2006-10-24T04:00:00Z,JANSSEN PHARMACEUTICA N.V.
5407914,1995-04-18T04:00:00Z,NATIONAL INSTITUTES OF HEALTH - DIRECTOR DEITR
7407955,2015-08-18T04:00:00Z,BOEHRINGER INGELHEIM INTERNATIONAL GMBH
7534441,2008-04-15T04:00:00Z,ZOETIS SERVICES LLC
"7,232,818; 7,417,042; 7,491,704; 8,207,125; 8,207,126; 8,207,127; and 8,207,297",,
"7,232,818; 7,417,042; 7,491,704; 8,207,125; 8,207,126; 8,207,127; and 8,207,297",,
"7,232,818; 7,417,042; 7,491,704; 8,207,125; 8,207,126; 8,207,127; and 8,207,297",,
"7,232,818; 7,417,042; 7,491,704; 8,207,125; 8,207,126; 8,207,127; and 8,207,297",,
"6,403,770; 7,138,501; and 7,879,328",,
6573293,2003-06-03T04:00:00Z,PHARMACIA & UPJOHN COMPANY LLC
7951557,2002-05-21T04:00:00Z,PROTALIX LTD.
5886035,2000-08-01T04:00:00Z,ASAHI GLASS COMPANY LTD.
"6,949,245; 7,560,111; 7,862,817",,
7410656,2008-08-12T04:00:00Z,PEPLIN RESEARCH PTY LTD
7414105,2011-04-05T04:00:00Z,TAKEDA PHARMACEUTICAL COMPANY LIMITED
7820671,2015-10-13T04:00:00Z,VERTEX PHARMACEUTICALS INCORPORATED
7304036,0001-01-01T00:00:00Z,"WELLS FARGO BANK, NATIONAL ASSOCIATION"
6534524,2003-03-18T04:00:00Z,"AGOURON PHARMACEUTICALS, LLC"
"6,346,532; 7,342,117; 7,750,029",,
"5,693,326 and 5,955,079",,
"7,829,531 and 7,090,843",,
"7,090,843 and 7,829,531",,
7419696,2008-09-02T04:00:00Z,"MEDTRONIC, INC."
7157456,2007-01-02T04:00:00Z,BAYER INTELLECTUAL PROPERTY GMBH
5985844,1998-11-03T04:00:00Z,MERCK SHARP & DOHME CORP.
7495103,2015-10-13T04:00:00Z,VERTEX PHARMACEUTICALS INCORPORATED
7495103,2015-10-13T04:00:00Z,VERTEX PHARMACEUTICALS INCORPORATED
7495103,2015-10-13T04:00:00Z,VERTEX PHARMACEUTICALS INCORPORATED
7495103,2015-10-13T04:00:00Z,VERTEX PHARMACEUTICALS INCORPORATED
7495103,2015-10-13T04:00:00Z,VERTEX PHARMACEUTICALS INCORPORATED
7495103,2015-10-13T04:00:00Z,VERTEX PHARMACEUTICALS INCORPORATED
7495103,2015-10-13T04:00:00Z,VERTEX PHARMACEUTICALS INCORPORATED
7495103,2015-10-13T04:00:00Z,VERTEX PHARMACEUTICALS INCORPORATED
7495103,2015-10-13T04:00:00Z,VERTEX PHARMACEUTICALS INCORPORATED
7495103,2015-10-13T04:00:00Z,VERTEX PHARMACEUTICALS INCORPORATED
7495103,2015-10-13T04:00:00Z,VERTEX PHARMACEUTICALS INCORPORATED
7008765,2006-03-07T04:00:00Z,"NATIONAL INSTITUTES OF HEALTH (NIH), U.S. DEPT. OF HEALTH AND HUMAN SERVICES (DHHS), U.S. GOVERNMENT"
RE39941,,
RE39941,,
6656935,2003-12-02T04:00:00Z,MITSUBISHI TANABE PHARMA CORPORATION
5514154,1996-05-07T04:00:00Z,ABBOTT CARDIOVASCULAR SYSTEMS INC.
7173038,2007-02-06T04:00:00Z,GENZYME CORPORATION
RE42353,2011-05-10T04:00:00Z,GENZYME CORPORATION
6514946,2003-02-04T04:00:00Z,KOUEKI ZAIDAN HOJIN BISEIBUTSU KAGAKU KENKYU KAI
6878721,2005-04-12T04:00:00Z,NOVARTIS AG
6575966; 7648497; and 7727228,,
RE43298,2014-12-16T04:00:00Z,MERCK SHARP & DOHME LLC
6818787,2021-05-25T05:00:00Z,"JPMORGAN CHASE BANK, N.A., AS ADMINISTRATIVE AGENT"
,,
5712279,1998-01-27T04:00:00Z,UNIVERSITY OF PENNSYLVANIA
,,
5679709,2006-01-03T04:00:00Z,SANOFI-AVENTIS DEUTSCHLAND GMBH
6794410,0001-01-01T00:00:00Z,AVENTISUB LLC
5968979,1999-10-19T04:00:00Z,BRUSILOW ENTERPRISES LLC
5968979,1999-10-19T04:00:00Z,BRUSILOW ENTERPRISES LLC
7579473,2009-08-25T04:00:00Z,"EXELIXIS, INC."
5762939,1998-06-09T04:00:00Z,PROTEIN SCIENCES CORPORATION
7511131,0001-01-01T00:00:00Z,COMERICA BANK
7828766,2010-11-09T04:00:00Z,ABBOTT CARDIOVASCULAR SYSTEMS INC.
8173663,,
RE42376,2011-05-17T04:00:00Z,WYETH HOLDINGS LLC
RE42376,2011-05-17T04:00:00Z,WYETH HOLDINGS LLC
RE42376,2011-05-17T04:00:00Z,WYETH HOLDINGS LLC
8288539,,
6750226 and 7078412,,
6856835 and 7149575,,
8062345 B2,,
,,
5789379 and 7056886,,
7473761,2018-12-04T05:00:00Z,RECORDATI AG
7473761,2018-12-04T05:00:00Z,RECORDATI AG
6329404,1986-09-16T04:00:00Z,"TAKEDA PHARMACEUTICAL COMPANY, LIMITED"
5985320 and RE 42072,,
5645599,2022-08-23T04:00:00Z,"PARADIGM SPINE, LLC"
6234772,2013-03-26T04:00:00Z,THORATEC CORPORATION
6626858,2005-09-06T04:00:00Z,GLAUKOS CORPORATION
7351834,2002-02-05T04:00:00Z,BAYER HEALTHCARE LLC
7351834,2002-02-05T04:00:00Z,BAYER HEALTHCARE LLC
6656720,2002-09-24T04:00:00Z,SEQIRUS UK LIMITED
RE41783,2010-09-28T05:00:00Z,PFIZER INC.
7498343,2009-03-03T04:00:00Z,JANSSEN PHARMACEUTICA N.V.
7498343,2009-03-03T04:00:00Z,JANSSEN PHARMACEUTICA N.V.
7498343,2009-03-03T04:00:00Z,JANSSEN PHARMACEUTICA N.V.
6967208,2005-11-22T04:00:00Z,BRISTOL-MYERS SQUIBB COMPANY
6323213,2010-12-28T04:00:00Z,BAYER INTELLECTUAL PROPERTY GMBH
,,
,,
7270800,2007-09-18T04:00:00Z,"NATIONAL INSTITUTES OF HEALTH (NIH), U.S. DEPT. OF HEALTH AND HUMAN SERVICES (DHHS), U.S. GOVERNMENT"
7906119,0001-01-01T00:00:00Z,"WELLS FARGO BANK, NATIONAL ASSOCIATION"
6395019,0001-01-01T00:00:00Z,SILICON VALLEY BANK
8183274,2012-05-22T04:00:00Z,"NATIONAL INSTITUTES OF HEALTH (NIH), U.S. DEPT. OF HEALTH AND HUMAN SERVICES (DHHS), U.S. GOVERNMENT"
7445775; 7547435; and 7914783,,
7097840 and 8337856,,
7439393,2008-10-21T04:00:00Z,GLAXO GROUP LIMITED
8419788,2014-06-03T04:00:00Z,"IDEV TECHNOLOGIES, INC."
8222219,0001-01-01T00:00:00Z,MITSUBISHI TANABE PHARMA CORPORATION
7488827,,
7094781,2006-08-22T04:00:00Z,ACTELION PHARMACEUTICALS LTD.
7144884,2006-12-05T04:00:00Z,H. LUNDBECK A/S
,,
,,
,,
7173037,2013-08-06T04:00:00Z,ADVERIO PHARMA GMBH
7173037,2013-08-06T04:00:00Z,ADVERIO PHARMA GMBH
6890929,2005-05-10T04:00:00Z,PFIZER INC.
5753646,1998-05-19T04:00:00Z,"BIAL - PORTELA & CA, S.A."
7498414,0001-01-01T00:00:00Z,IMCLONE LLC
7498414,0001-01-01T00:00:00Z,IMCLONE LLC
7498414,0001-01-01T00:00:00Z,IMCLONE LLC
5900488,1999-05-04T04:00:00Z,"NIHON NOHYAKU CO., LTD."
7671032 and 8349869,,
6245819,2006-01-10T04:00:00Z,QUATRX PHARMACEUTICALS COMPANY
7427638,2005-11-08T04:00:00Z,AMGEN INC.
7378423,2007-10-02T04:00:00Z,JAPAN TOBACCO INC.
7378423,2007-10-02T04:00:00Z,JAPAN TOBACCO INC.
7378423,2007-10-02T04:00:00Z,JAPAN TOBACCO INC.
7348004; 7862820; and 8329182,,
7348004; 7404956; 7862820; and 8329182,,
7141547,2006-11-28T04:00:00Z,NOVOZYMES BIOPHARMA DK A/S
6316471 and 8198262,,
5840684,1998-11-24T04:00:00Z,ELI LILLY AND COMPANY
6515009 and 7820193,,
6299604,1994-05-31T04:00:00Z,COOK MEDICAL TECHNOLOGIES LLC
6635234,2003-10-21T04:00:00Z,BAYER AS
6239180,2001-05-29T04:00:00Z,"CALIFORNIA, UNIVERSITY OF, REGENTS OF THE, THE"
7147851,2006-12-12T04:00:00Z,"MILLENNIUM PHARMACEUTICALS, INC."
5686060,0001-01-01T00:00:00Z,BRACCO SUISSE SA
5454779,,
,,
6949571,2005-09-27T05:00:00Z,"CATALYST PHARMACEUTICALS, INC."
6953787; 7514422; and 7977329,,
5697896,1997-12-16T04:00:00Z,ALZA CORPORATION
8030457; 8829165; and 8981064,,
8030457; 8829165; and 8981064,,
7446173; 8017733; and 8524660,,
5817338,1998-10-06T04:00:00Z,ASTRAZENECA AB
6709655,2004-03-23T04:00:00Z,"INSTITUTO BIOCLON, S.A. DE C.V."
6709655,2004-03-23T04:00:00Z,"INSTITUTO BIOCLON, S.A. DE C.V."
7067713 and RE43691,,
7196205,2007-03-27T04:00:00Z,"REGENTS OF THE UNIVERSITY OF MICHIGAN, THE"
,,
7645602 and 8603823,,
7572619,2009-08-11T04:00:00Z,OCTAPHARMA AG
8101194 and 8563007,,
8008449,2011-08-30T04:00:00Z,"MEDAREX, INC."
8008449,2011-08-30T04:00:00Z,"MEDAREX, INC."
8008449,2011-08-30T04:00:00Z,"MEDAREX, INC."
8008449,2011-08-30T04:00:00Z,"MEDAREX, INC."
8008449,2011-08-30T04:00:00Z,"MEDAREX, INC."
8008449,2011-08-30T04:00:00Z,"MEDAREX, INC."
8008449,2011-08-30T04:00:00Z,"MEDAREX, INC."
8008449,2011-08-30T04:00:00Z,"MEDAREX, INC."
8008449,2011-08-30T04:00:00Z,"MEDAREX, INC."
8008449,2011-08-30T04:00:00Z,"MEDAREX, INC."
8008449,2011-08-30T04:00:00Z,"MEDAREX, INC."
8008449,2011-08-30T04:00:00Z,"MEDAREX, INC."
8008449,2011-08-30T04:00:00Z,"MEDAREX, INC."
8008449,2011-08-30T04:00:00Z,"MEDAREX, INC."
8008449,2011-08-30T04:00:00Z,"MEDAREX, INC."
8008449,2011-08-30T04:00:00Z,"MEDAREX, INC."
7615532,2009-11-10T04:00:00Z,NOVO NORDISK A/S
8273360 and 8663656,,
7476389 and 7482015,,
5693323,1997-12-02T04:00:00Z,GLAXOSMITHKLINE LLC
5693323,1997-12-02T04:00:00Z,GLAXOSMITHKLINE LLC
7452966,2008-11-18T04:00:00Z,ELI LILLY AND COMPANY
7807155,2010-10-05T04:00:00Z,NOVARTIS AG
7063835; 7223593; and 7537924,,
7709610,2013-05-21T04:00:00Z,ABBVIE BIOTHERAPEUTICS INC.
7709610,2013-05-21T04:00:00Z,ABBVIE BIOTHERAPEUTICS INC.
7199223 and 8247536,,
5856529,1999-01-05T04:00:00Z,BRISTOL-MYERS SQUIBB COMPANY
5856529,1999-01-05T04:00:00Z,BRISTOL-MYERS SQUIBB COMPANY
6016449; 6360122; and 6810285,,
5496801,2014-07-01T04:00:00Z,DRUG ROYALTY L.P. 3
5593823 and 6951713,,
7037642 and 7611831,,
RE39548,2007-04-03T04:00:00Z,UCB CELLTECH
6465624; 6531577; and 6579723,,
6299900; 6818226; and 6916486,,
,,
6133260,2002-08-13T04:00:00Z,BAYER INTELLECTUAL PROPERTY GMBH
6114313 and 6130208,,
5804420,0001-01-01T00:00:00Z,BAYER HEALTHCARE LLC
6509376; 7320999; 7619001; and 7803840,,
,,
6180371; 6458563; and 7560107,,
,,
6021352,2000-02-01T04:00:00Z,"MEDTRONIC, INC."
6503745 and 6562861,,
7420051,2008-09-02T04:00:00Z,"PHARMA MAR, S.A."
7365205,2008-04-29T04:00:00Z,"DAIICHI SANKYO COMPANY, LIMITED"
7129232,2006-08-22T04:00:00Z,ASTELLAS PHARMA INC.
8712533 and 8768472,,
6258795,2010-08-17T04:00:00Z,WELLSTAT THERAPEUTICS CORPORATION
8147873,2010-12-21T04:00:00Z,VIFOR (INTERNATIONAL) LTD.
7888362,2011-02-15T04:00:00Z,"OTSUKA PHARMACEUTICAL CO., LTD."
,,
,,
7816379,2015-10-20T04:00:00Z,"TRIUS THERAPEUTICS, INC."
,,
,,
7727984,,
5948818; 7960370; 7792795; and 8383678,,
6107306 and 6673929,,
7824805 and 8129622,,
7014606 and 7828716,,
8329159,2012-12-11T04:00:00Z,BRISTOL-MYERS SQUIBB COMPANY
7112592,2006-09-26T04:00:00Z,ALLERGAN PHARMACEUTICALS INTERNATIONAL LIMITED
5808146,1998-09-15T04:00:00Z,"ENERGY, U.S. DEPARTMENT OF"
8348992,2014-02-11T04:00:00Z,"BOSTON SCIENTIFIC SCIMED, INC."
7442830; 7687662; 8003819; and 8859504,,
8003681; 8084483; 8283369; 8357713; and 8546437,,
8540768,2024-09-10T04:00:00Z,HAYFIN SERVICES LLP
7049320,2006-10-10T04:00:00Z,TERSERA THERAPEUTICS LLC
7737142 and 7943621,,
7205302,2007-04-17T04:00:00Z,"NIPPON SHINYAKU CO., LTD."
7205302,2007-04-17T04:00:00Z,"NIPPON SHINYAKU CO., LTD."
7973040,2014-12-16T04:00:00Z,MERCK SHARP & DOHME LLC
,,
6479500 and 7799783,,
8501238,0001-01-01T00:00:00Z,ABBVIE INC.
7839153,2016-02-23T04:00:00Z,"ST. JUDE MEDICAL LUXEMBOURG HOLDINGS II S.A.R.L. (""SJM LUX II"")"
7585321 and 8591575,,
6812238 and 7459561,,
7253286,2007-08-07T04:00:00Z,"EISAI R&D MANAGEMENT CO., LTD."
7253286,2007-08-07T04:00:00Z,"EISAI R&D MANAGEMENT CO., LTD."
5998402 and 6479535,,
8354509,0001-01-01T00:00:00Z,MERCK SHARP & DOHME B.V.
8354509,0001-01-01T00:00:00Z,MERCK SHARP & DOHME B.V.
8354509,0001-01-01T00:00:00Z,MERCK SHARP & DOHME B.V.
8354509,0001-01-01T00:00:00Z,MERCK SHARP & DOHME B.V.
8354509,0001-01-01T00:00:00Z,MERCK SHARP & DOHME B.V.
8354509,0001-01-01T00:00:00Z,MERCK SHARP & DOHME B.V.
8354509,0001-01-01T00:00:00Z,MERCK SHARP & DOHME B.V.
8354509,0001-01-01T00:00:00Z,MERCK SHARP & DOHME B.V.
8354509,0001-01-01T00:00:00Z,MERCK SHARP & DOHME B.V.
8354509,0001-01-01T00:00:00Z,MERCK SHARP & DOHME B.V.
8354509,0001-01-01T00:00:00Z,MERCK SHARP & DOHME B.V.
8354509,0001-01-01T00:00:00Z,MERCK SHARP & DOHME B.V.
8354509,0001-01-01T00:00:00Z,MERCK SHARP & DOHME B.V.
8354509,0001-01-01T00:00:00Z,MERCK SHARP & DOHME B.V.
8354509,0001-01-01T00:00:00Z,MERCK SHARP & DOHME B.V.
8354509,0001-01-01T00:00:00Z,MERCK SHARP & DOHME B.V.
8354509,0001-01-01T00:00:00Z,MERCK SHARP & DOHME B.V.
8627999,2020-06-09T04:00:00Z,SABERT CORPORATION
7510575 and 7585321,,
6812238 and 7459561,,
7879842 and 7867996,,
7741356; 8344011; and 8609709,,
6414126 and 6515117,,
7112324 and 8007796,,
7112324 and 8007796,,
7112324 and 8007796,,
7112324 and 8007796,,
7112324 and 8007796,,
7390791 and 7803788,,
6807965,2004-10-26T04:00:00Z,"SCOTT LABORATORIES, INC."
7214506,2007-05-08T04:00:00Z,"KAKEN PHARMACEUTICAL CO., LTD."
7763712,2010-07-27T04:00:00Z,"ALEXION PHARMACEUTICALS, INC."
8178563,2019-10-01T05:00:00Z,SUN PHARMACEUTICAL INDUSTRIES LIMITED
7939632,2011-05-10T04:00:00Z,CSL BEHRING GMBH
7449464,2014-12-16T04:00:00Z,KUDOS PHARMACEUTICALS LIMITED
7449464,2014-12-16T04:00:00Z,KUDOS PHARMACEUTICALS LIMITED
7449464,2014-12-16T04:00:00Z,KUDOS PHARMACEUTICALS LIMITED
7449464,2014-12-16T04:00:00Z,KUDOS PHARMACEUTICALS LIMITED
7449464,2014-12-16T04:00:00Z,KUDOS PHARMACEUTICALS LIMITED
7449464,2014-12-16T04:00:00Z,KUDOS PHARMACEUTICALS LIMITED
7449464,2014-12-16T04:00:00Z,KUDOS PHARMACEUTICALS LIMITED
7449464,2014-12-16T04:00:00Z,KUDOS PHARMACEUTICALS LIMITED
7449464,2014-12-16T04:00:00Z,KUDOS PHARMACEUTICALS LIMITED
7449464,2014-12-16T04:00:00Z,KUDOS PHARMACEUTICALS LIMITED
7449464,2014-12-16T04:00:00Z,KUDOS PHARMACEUTICALS LIMITED
8147867 and 8329213,,
7468390; 8101659; 8404744; 8796331; and 8877938,,
8460374,2013-06-11T04:00:00Z,"HEALTHCARE ROYALTY PARTNERS II, L.P."
8008309,1998-07-07T04:00:00Z,"PHARMACYCLICS, INC."
8008309,1998-07-07T04:00:00Z,"PHARMACYCLICS, INC."
8008309,1998-07-07T04:00:00Z,"PHARMACYCLICS, INC."
8008309,1998-07-07T04:00:00Z,"PHARMACYCLICS, INC."
8008309,1998-07-07T04:00:00Z,"PHARMACYCLICS, INC."
8008309,1998-07-07T04:00:00Z,"PHARMACYCLICS, INC."
8008309,1998-07-07T04:00:00Z,"PHARMACYCLICS, INC."
8008309,1998-07-07T04:00:00Z,"PHARMACYCLICS, INC."
8008309,1998-07-07T04:00:00Z,"PHARMACYCLICS, INC."
8008309,1998-07-07T04:00:00Z,"PHARMACYCLICS, INC."
8008309,1998-07-07T04:00:00Z,"PHARMACYCLICS, INC."
6900175,2006-10-03T04:00:00Z,ALLERGAN PHARMACEUTICALS INTERNATIONAL LIMITED
7951797,2014-12-16T04:00:00Z,MERCK SHARP & DOHME LLC
6297375,2001-10-02T05:00:00Z,HOFFMANN-LA ROCHE INC.
RE43431,,
RE43431,,
RE43431,,
7662972,2010-02-16T04:00:00Z,NISSAN CHEMICAL CORPORATION
8188146,0001-01-01T00:00:00Z,AMARIN PHARMACEUTICALS IRELAND LIMITED
6552065; 6833384; and 7067551,,
6888027,2005-05-03T04:00:00Z,SWK FUNDING LLC
6936612 and 7208489,,
7579449,2009-08-25T04:00:00Z,BOEHRINGER INGELHEIM INTERNATIONAL GMBH
7582621,2009-09-01T04:00:00Z,"ANACOR PHARMACEUTICALS, INC."
7854943,2010-12-21T04:00:00Z,IDEXX LABORATORIES
7741476,2010-06-22T04:00:00Z,ALLERGAN INDUSTRIES SAS
7612182 and 7291721,,
8338395,2010-05-18T05:00:00Z,GRÜNENTHAL GMBH
RE43879,2012-12-25T04:00:00Z,PIERRE FABRE MEDICAMENT
7304078,2007-12-04T04:00:00Z,"XSPIRE PHARMA, LLC"
RE44733,2014-01-28T04:00:00Z,MERCK SHARP & DOHME B.V.
8653103; 8741933; and 8846718,,
8653103; 8741933; and 8846718,,
8653103; 8741933; and 8846718,,
8653103; 8741933; and 8846718,,
7151103 and 7420057,,
RE44599 and RE44638,,
7863256,2011-01-04T04:00:00Z,FIDIA FARMACEUTICI S.P.A.
7803839 and 8362002,,
7662365 and 7786133,,
7598350,2009-10-06T04:00:00Z,IMCLONE LLC
7829673,2010-11-09T04:00:00Z,GENMAB A/S
7829673,2010-11-09T04:00:00Z,GENMAB A/S
7829673,2010-11-09T04:00:00Z,GENMAB A/S
7829673,2010-11-09T04:00:00Z,GENMAB A/S
7829673,2010-11-09T04:00:00Z,GENMAB A/S
7829673,2010-11-09T04:00:00Z,GENMAB A/S
7829673,2010-11-09T04:00:00Z,GENMAB A/S
7672727,2021-06-15T04:00:00Z,ARMISTICE CAPITAL MASTER FUND LTD.
6409990,2016-09-13T04:00:00Z,"NAVIDEA BIOPHARMACEUTICALS, INC."
6762180,2005-10-25T04:00:00Z,BOEHRINGER INGELHEIM PHARMA GMBH & CO. KG
6762180,2005-10-25T04:00:00Z,BOEHRINGER INGELHEIM PHARMA GMBH & CO. KG
7767225; 7767700; 7988994; 8383150; and 8420674,,
RE44599 and RE44638,,
and 7993645,,
7608693,2009-10-27T05:00:00Z,"REGENERON PHARMACEUTICALS, INC."
7608693,2009-10-27T05:00:00Z,"REGENERON PHARMACEUTICALS, INC."
8029781,2011-10-04T04:00:00Z,UNIVERSITY OF MEDICINE AND DENTISTRY OF NEW JERSEY
8029781,2011-10-04T04:00:00Z,UNIVERSITY OF MEDICINE AND DENTISTRY OF NEW JERSEY
7799900 and 8562992,,
7041635,2006-05-09T04:00:00Z,"SK BIOSCIENCE CO., LTD"
8779108 and 9493565,,
8779108 and 9493565,,
8779108 and 9493565,,
7803770; 8148333; and 8748382,,
8153768; 8835611; and 8747857,,
8217149,2012-07-10T04:00:00Z,F. HOFFMANN-LA ROCHE AG
8217149,2012-07-10T04:00:00Z,F. HOFFMANN-LA ROCHE AG
7601740; 7659285; and 7732615,,
7767206; 7939070; 8435518; and 8545842,,
8128929,2012-03-06T04:00:00Z,NATIONAL INSTITUTES OF HEALTH - DIRECTOR DEITR
7838638 and 8110191,,
7138371 and 7179617,,
8057541,2011-11-15T04:00:00Z,"REVISION OPTICS, INC."
7582298 and 8568721,,
8765942,2014-07-01T04:00:00Z,PROVEFARM LIFE SOLUTIONS
7041786,0001-01-01T00:00:00Z,"THE BANK OF NEW YORK MELLON, AS NOTES COLLATERAL AGENT"
7138390,2016-01-19T04:00:00Z,"INTERCEPT PHARMACEUTICALS, INC."
9039677,2015-05-26T04:00:00Z,"HERCULES TECHNOLOGY GROWTH CAPITAL, INC."
6612988,2003-09-02T04:00:00Z,"NATIONAL INSTITUTES OF HEALTH (NIH), U.S. DEPT. OF HEALTH AND HUMAN SERVICES (DHHS), U.S. GOVERNMENT"
7971333 and 8323329,,
RE45313,2014-12-30T04:00:00Z,ZP HOLDING SPV K/S
8377880; 8999932; and 9278995,,
7709493,2006-10-10T04:00:00Z,TERSERA THERAPEUTICS LLC
6495541,2002-12-17T04:00:00Z,"AGOURON PHARMACEUTICALS, LLC"
6495541,2002-12-17T04:00:00Z,"AGOURON PHARMACEUTICALS, LLC"
7973031; 8222244; and 8575146,,
7973031; 8222244; and 8575146,,
7807816 and 9018368,,
8039451 and 8168614,,
8071623,2014-12-16T04:00:00Z,MERCK SHARP & DOHME LLC
8071623,2014-12-16T04:00:00Z,MERCK SHARP & DOHME LLC
8071623,2014-12-16T04:00:00Z,MERCK SHARP & DOHME LLC
8076515 and 8283380,,
RE46365,,
7741465,0001-01-01T00:00:00Z,CABARET BIOTECH LTD.
7741465,0001-01-01T00:00:00Z,CABARET BIOTECH LTD.
7741465,0001-01-01T00:00:00Z,CABARET BIOTECH LTD.
7741465,0001-01-01T00:00:00Z,CABARET BIOTECH LTD.
7741465,0001-01-01T00:00:00Z,CABARET BIOTECH LTD.
7741465,0001-01-01T00:00:00Z,CABARET BIOTECH LTD.
7741465,0001-01-01T00:00:00Z,CABARET BIOTECH LTD.
8524733,0001-01-01T00:00:00Z,"AUSPEX PHARMACEUTICALS, INC."
6461665,2002-10-08T04:00:00Z,CARMEDA AB
8911493,2014-12-16T04:00:00Z,EDWARDS LIFESCIENCES CORPORATION
9012462,0001-01-01T00:00:00Z,TAKEDA PHARMACEUTICAL COMPANY LIMITED
9012462,0001-01-01T00:00:00Z,TAKEDA PHARMACEUTICAL COMPANY LIMITED
8324225; 8415355; 8685980; 8962630; and 9416136,,
7728143 and 8252813,,
7728143 and 8252813,,
7399865 and 9211291,,
8029992,2024-01-02T05:00:00Z,"JPMORGAN CHASE BANK, N.A., AS ADMINISTRATIVE AGENT"
6376515; 6835739; 7598276; and 8518977,,
9572856,2017-02-21T04:00:00Z,"THE GEORGE WASHINGTON UNIVERSITY, A CONGRESSIONALLY CHARTERED NOT-FOR-PROFIT CORPORATION"
7939084,2011-05-10T04:00:00Z,GLAXOSMITHKLINE BIOLOGICALS S.A.
8574226,0001-01-01T00:00:00Z,AEGEA MEDICAL INC.
7972376; 8007992; 8357387; and 9029418,,
7917224,2011-03-29T04:00:00Z,MED-EL ELEKTROMEDIZINISCHE GERAETE GMBH
7314618; 7883705; and 9290569,,
7314618; 7883705; and 9290569,,
7314618; 7883705; and 9290569,,
8129343,2012-03-06T04:00:00Z,NOVO NORDISK A/S
9102731,2015-08-11T04:00:00Z,AMGEN INC.
9433688,2016-09-06T05:00:00Z,"NATIONAL INSTITUTES OF HEALTH (NIH), U.S. DEPT. OF HEALTH AND HUMAN SERVICES (DHHS), U.S. GOVERNMENT"
8153590; 8889129; and 9388401,,
7534595 and 7537923,,
8680136,0001-01-01T00:00:00Z,SILICON VALLEY BANK
6784197,2005-06-28T04:00:00Z,UCB BIOPHARMA SRL
6911461,2005-06-28T04:00:00Z,UCB BIOPHARMA SRL
8492416,2005-06-28T04:00:00Z,UCB BIOPHARMA SRL
8937150 and 9586978,,
8937150 and 9586978,,
8629129 and 8957054,,
8293883 and 8404813,,
7179464; 7718175; and 8101185,,
8039627,2011-10-18T04:00:00Z,"NEUROCRINE BIOSCIENCES, INC."
8039627,2011-10-18T04:00:00Z,"NEUROCRINE BIOSCIENCES, INC."
5981826,1999-11-09T04:00:00Z,GEORGIA TECH RESEARCH CORPORATION
6335447,2002-01-01T04:00:00Z,"TOYAMA CHEMICAL CO., LTD."
7867186; 9301875; and 9597230,,
8501439,0001-01-01T00:00:00Z,WACKER CHEMIE AG
6579968 and 6794489,,
6989145 and 7504104,,
9181317 and 9631006,,
8809502; 9580461; and 10072083,,
6400974,0001-01-01T00:00:00Z,"HERCULES CAPITAL, INC."
8816055,2020-06-23T05:00:00Z,TAKEDA PHARMACEUTICAL COMPANY LIMITED
8816055,2020-06-23T05:00:00Z,TAKEDA PHARMACEUTICAL COMPANY LIMITED
6100082,2020-08-25T04:00:00Z,"TRANSMEDICS, INC."
6409767,2002-06-25T04:00:00Z,EUROPEAN FOOT PLATFORM
8606359; 9044609; and 9427583,,
8541448,2013-09-24T04:00:00Z,"ARDELYX, INC."
7737168 and 8124643,,
7737168 and 8124643,,
9314353,2016-04-19T04:00:00Z,VERYAN MEDICAL LIMITED
8260416 and 8311629,,
8207197 and 8486947,,
8207197 and 8486947,,
8153765 and 10342869,,
8153765 and 10342869,,
8153765 and 10342869,,
8785500 and 9592207,,
7592429; 8017120; and 8440193,,
8999996,2015-05-05T04:00:00Z,"WILMINGTON SAVINGS FUND SOCIETY, FSB"
8999996,2015-05-05T04:00:00Z,"WILMINGTON SAVINGS FUND SOCIETY, FSB"
8999996,2015-05-05T04:00:00Z,"WILMINGTON SAVINGS FUND SOCIETY, FSB"
7939519 and 8492441,,
,,
9133461,0001-01-01T00:00:00Z,"ALNYLAM PHARMACEUTICALS, INC."
7893075; 8461169; and 9169250,,
7906111,2011-03-15T04:00:00Z,"TRUSTEES OF THE UNIVERSITY OF PENNSYLVANIA, THE"
8410088,2014-11-25T04:00:00Z,"EPIZYME, INC."
9474517,,
7335364,,
9018210; 10017491; and 10034879,,
9018210; 10017491; and 10034879,,
9238657,2016-01-19T04:00:00Z,"SHIONOGI & CO., LTD."
8895601,2014-11-25T05:00:00Z,ASTEX THERAPEUTICS LTD
8088378; 8545850; and 8691531,,
8088378; 8545850; and 8691531,,
7331499,2008-02-19T04:00:00Z,ALFRED E. MANN FOUNDATION FOR SCIENTIFIC RESEARCH
9084765,0001-01-01T00:00:00Z,"JPMORGAN CHASE BANK, N.A., AS ADMINISTRATIVE AGENT"
8349322 and 9090684,,
6527761 and 7798147,,
8277462 and 8476268,,
8007794,2013-11-19T05:00:00Z,TEVA PHARMACEUTICALS INTERNATIONAL GMBH
8975254,2015-03-10T04:00:00Z,ORION CORPORATION
7528143; 7825246; and 8138199,,
8071643; 8153689; and 9120727,,
8071643 and 8153689,,
"U.S. Patent Nos. 7,838,657; and 8,110,560; from University of Massachusetts, and U.S. Patent Nos. 8,361,977; and 8,980,853 from Biogen MA Inc., and Cold Spring Harbor Laboratory",,
9808537; 10155821; and 10195288,,
9024007; 9994851; 10227590; 10266827; 10421966; and RE47691,,
8377440 and 9556266,,
8334265,2012-12-18T04:00:00Z,CLINUVEL PHARMACEUTICALS LIMITED
9029316,0001-01-01T00:00:00Z,LABORATOIRE FRANÇAIS DU FRACTIONNEMENT ET DES BIOTECHNOLOGIES
7807708; 8227507; and 8470871,,
8142795,2012-03-27T04:00:00Z,SANOFI PASTEUR
8487093,2014-12-16T04:00:00Z,MERCK SHARP & DOHME LLC
8697748 and 9186344,,
8188113 and 8461179,,
8440715,2014-05-20T04:00:00Z,"SK BIOPHARMACEUTICALS CO., LTD."
7999083,2011-08-16T04:00:00Z,"NATIONAL INSTITUTES OF HEALTH (NIH), U.S. DEPT. OF HEALTH AND HUMAN SERVICES (DHHS), U.S. GOVERNMENT"
7763615,2010-07-27T04:00:00Z,"PHARMA MAR, S.A."
,,
9315585,2016-04-19T04:00:00Z,"NATIONAL INSTITUTES OF HEALTH (NIH), U.S. DEPT. OF HEALTH AND HUMAN SERVICES (DHHS), U.S. GOVERNMENT"
8168615,2012-05-01T04:00:00Z,VIIV HEALTHCARE (NO. 4) LIMITED
7572897,,
8039435; 9458195,,
8039435; 9458195,,
8039435; 9458195,,
9745373,2017-08-29T04:00:00Z,ALDERBIO HOLDINGS LLC
8524867; 9803020,,
8802093,2014-08-12T04:00:00Z,"MACROGENICS, INC."
7812163; 8212038,,
8962629; RE47221,,
8323653,2021-08-31T04:00:00Z,HORIZON THERAPEUTICS U.S. HOLDING LLC (FKA HORIZON ORPHAN LLC)
9078931; 9314538; 9962454; RE48389 (previously U.S. Patent No. 8637642),,
8299057; 8673893; 9029356; and 9085565,,
7767675; 8420645,,
8562991; 10022319; 10662245,,
9273141,2016-03-01T04:00:00Z,GLAXO GROUP LIMITED
8932557,2012-11-27T04:00:00Z,ELI LILLY AND COMPANY
"8,669,281; 9,090,558; 10,080,733",,
"8,058,229; 8,343,933; 8,361,957",,
"8,058,229; 8,343,933; 8,361,957",,
"8,058,229; 8,343,933; 8,361,957",,
"8,299,057; 8,673,893; 9,029,356; and 9,085,565",,
"8,912,210 and 9,833,448",,
"6,582,387; 7,820,102; and 8,264,564",,
"7,056,927 and 7,419,983",,
7423050,2008-09-09T04:00:00Z,ELI LILLY AND COMPANY
"7,678,146; 7,758,497; and 7,780,958",,
"8,598,119 and 8,648,077",,
7449458,0001-01-01T00:00:00Z,MIDCAP FINANCIAL TRUST
"8,314,117 and 8,759,372",,
"7,727,993 and 7,727,994",,
6609023,2003-08-19T04:00:00Z,"ANGEL MEDICAL SYSTEMS, INC."
7598279,2014-05-20T04:00:00Z,"SK BIOPHARMACEUTICALS CO., LTD."
7731941,2010-06-08T04:00:00Z,NATIONAL UNIVERSITY CORPORATION KYUSHU UNIVERSITY
7335799,2021-03-09T04:00:00Z,"ESPERION THERAPEUTICS, INC."
RE46791,2023-10-17T04:00:00Z,AIC246 AG & CO. KG
8513255,2023-10-17T04:00:00Z,AIC246 AG & CO. KG
9827251,2017-11-28T05:00:00Z,PAION UK LIMITED
8158616,2014-05-06T04:00:00Z,INCYTE HOLDINGS CORPORATION AND INCYTE CORPORATION
"7,314,938; 7,790,743; 8,084,047; 8,168,655; 8,592,450",,
7638536,0001-01-01T00:00:00Z,ASTELLAS PHARMA INC.
"7,288,657 and 7,585,879",,
"8,778,346 and 10,202,448",,
"8,802,152 and 8,808,750",,
8233987,2012-08-14T04:00:00Z,"ZOLL RESPICARDIA, INC."
"8,969,336 and 9,487,491",,
"8,445,507; 8,802,689; 9,388,159",,
"7,511,041 and RE46856",,
7855211,2010-12-21T04:00:00Z,ELI LILLY AND COMPANY
"7,273,946; 7,629,345; and 8,058,467",,
7632921,2009-12-15T04:00:00Z,BAYER HEALTHCARE LLC
9005281,0001-01-01T00:00:00Z,"HEALTHCARE ROYALTY PARTNERS II, L.P."
8536126,,
"7,601,746 and 8,889,722",,
"8,592,362 and 9,000,011",,
"8,101,743; 9,061,044; 9,399,774",,
8367353,2007-12-11T04:00:00Z,"VENTANA MEDICAL SYSTEMS, INC."
9029140,0001-01-01T00:00:00Z,AVITA MEDICAL PTY LIMITED
8377138,0001-01-01T00:00:00Z,SPINAL KINETICS LLC
10383961,,
8383596,2019-11-26T04:00:00Z,"CIPLA USA, INC."
"7,807,162 and 8,372,398",,
"8,168,775; 8,741,866; 9,234,196",,
"9,375,327 and 9,603,730",,
"8,562,991; 10,022,319; 10,662,245",,
"6,425,919; 7,524,333; 9,610,106",,
8486975,2013-07-16T04:00:00Z,MERCK FROSST CANADA LTD.
8486975,2013-07-16T04:00:00Z,MERCK FROSST CANADA LTD.
8321025,2012-11-27T04:00:00Z,BOSTON SCIENTIFIC NEUROMODULATION CORPORATION
8606362,2011-03-01T05:00:00Z,BOSTON SCIENTIFIC NEUROMODULATION CORPORATION
9566260,2017-02-14T04:00:00Z,CHILDREN'S MEDICAL CENTER CORPORATION
"8,299,057; 8,673,893; 9,029,356; and 9,085,565",,
7402564,2020-10-06T04:00:00Z,"CARA THERAPEUTICS, INC."
"8,445,515 and 8,906,938",,
"8,598,186 and 9,487,530",,
8481573,2013-07-09T04:00:00Z,"NATIONAL INSTITUTES OF HEALTH (NIH), U.S. DEPT. OF HEALTH AND HUMAN SERVICES (DHHS), U.S. GOVERNMENT"
7332472,0001-01-01T00:00:00Z,AURINIA PHARMACEUTICALS INC.
"7,300,935 and 8,058,280",,
8436180,0001-01-01T00:00:00Z,BAYER INTELLECTUAL PROPERTY GMBH
"10,035,822; 10,125,171; and 10,875,893",,
"8,835,488; 9,309,234; 9,642,842",,
"8,487,129; 8,778,305; and 9,861,713",,
9079928,2013-06-11T04:00:00Z,ALTER DOMUS (US) LLC
"7,452,895; 8,648,087; 9,457,093; and 9,693,989",,
10442847,0001-01-01T00:00:00Z,ZEALAND PHARMA A/S
"9,358,204; 9,603,853; 9,662,338",,
"7,425,637; 8,178,693; 9,156,795",,
8357693,2017-11-14T04:00:00Z,"KADMON CORPORATION, LLC"
"9,150,579; 9,669,033; 10,072,013; and 10,570,142",,
"9,150,579; 9,669,033; 10,072,013; and 10,570,142",,
"9,150,579; 9,669,033; 10,072,013; and 10,570,142",,
"9,150,579; 9,669,033; 10,072,013; and 10,570,142",,
"8,524,880; 9,228,187; 9,447,415; 9,758,783; 10,287,586; and 10,781,450",,
7553828,0001-01-01T00:00:00Z,"PARATEK PHARMACEUTICALS, INC."
8552002,0001-01-01T00:00:00Z,NOVARTIS AG
"9,150,658; 9,168,314; and 9,492,565",,
"9,611,267; 10,131,667",,
"9,611,267; 10,131,667",,
"9,796,712; 10,227,342",,
"6,821,987; 7,166,722",,
7732430,2022-11-01T04:00:00Z,ESTETRA SRL
9931414,2020-09-22T04:00:00Z,ADC THERAPEUTICS SA
8318706,0001-01-01T00:00:00Z,"OAKTREE FUND ADMINISTRATION, LLC"
7772243,2019-11-26T04:00:00Z,WARNER-LAMBERT COMPANY LLC
9079934,2015-07-14T04:00:00Z,"NIPPON SHINYAKU CO., LTD."
9265740,0001-01-01T00:00:00Z,"OAKTREE FUND ADMINISTRATION, LLC"
"9,908,845; 9,969,689",,
"7,262,298; 9,119,848; 9,126,977; 10,300,054; and 10,716,785",,
9505838,2016-11-29T04:00:00Z,ELI LILLY AND COMPANY
8193182,2014-04-22T04:00:00Z,INTELLIKINE LLC
8193182,2014-04-22T04:00:00Z,INTELLIKINE LLC
RE43728,0001-01-01T00:00:00Z,VANDA PHARMACEUTICALS INC.
9061057,2015-06-23T04:00:00Z,PURDUE RESEARCH FOUNDATION
"7,838,531 and 8,828,356",,
8829195,2014-09-09T04:00:00Z,NOVARTIS AG
8829195,2014-09-09T04:00:00Z,NOVARTIS AG
8410103,2013-04-02T04:00:00Z,VIIV HEALTHCARE COMPANY
8410103,2013-04-02T04:00:00Z,VIIV HEALTHCARE COMPANY
"9,272,048; 9,511,122; and 10,682,395",,
"8,754,096 and 9,499,545",,
8012489,2011-09-06T05:00:00Z,HER MAJESTY THE QUEEN IN RIGHT OF CANADA AS REPRESENTED BY THE MINISTER OF HEALTH ACTING THROUGH THE PUBLIC HEALTH AGENCY
"8,143,240; 8,785,427; 8,865,690; 9,211,295; 9,433,628; 9,486,458; and 10,159,682",,
9522274,2016-12-20T04:00:00Z,"BOARD OF REGENTS, THE UNIVERSITY OF TEXAS SYSTEM"
"8,606,358; 9,474,906; and 9,861,811",,
"7,753,956 and 9,107,762",,
7651835,2020-08-25T04:00:00Z,"TRANSMEDICS, INC."
10076112,2020-08-25T04:00:00Z,"TRANSMEDICS, INC."
"9,011,527; 9,039,759; 9,241,791; 9,289,292; and 9,775,707",,
"9,974,670; 10,137,013; and 10,271,973",,
9593164,2017-03-14T04:00:00Z,"JANSSEN BIOTECH, INC."
7504095,2024-03-05T04:00:00Z,"BRIDGEBIO PHARMA, INC."
"8,314,097; 8,609,862",,
"9,505,839 and 10,377,824",,
9474780,2016-10-25T04:00:00Z,ELI LILLY AND COMPANY
8779109,2003-07-01T05:00:00Z,NOVO NORDISK HEALTHCARE AG
"7,300,931; 7,851,470",,
9303051,0001-01-01T00:00:00Z,"WELLS FARGO BANK, NATIONAL ASSOCIATION"
"7,662,381; 8,460,668; 9,493,570; and 9,988,459",,
9018356,2015-04-28T04:00:00Z,"REGENERON PHARMACEUTICALS, INC."
9018356,2015-04-28T04:00:00Z,"REGENERON PHARMACEUTICALS, INC."
"8,153,632 and 9,573,964",,
"8,906,367 and 10,131,708",,
9918984,0001-01-01T00:00:00Z,HAYFIN SERVICES LLP
"8,008,264; 8,318,682; 9,724,360; 9,949,994; 10,065,958; and RE46762",,
9586955,2017-03-07T04:00:00Z,HOFFMANN-LA ROCHE INC.
9586955,2017-03-07T04:00:00Z,HOFFMANN-LA ROCHE INC.
8188085,2014-05-13T04:00:00Z,"SCYNEXIS, INC."
"9,181,200; 9,585,883",,
"8,247,415 and 8,653,260",,
8906887,2014-12-09T04:00:00Z,"TETRAPHASE PHARMACEUTICALS, INC."
"9,572,857; 9,744,207; 10,646,572",,
"8,222,222; 8,809,292; 8,828,956; 9,370,582; 10,125,369",,
"8,168,793; 8,524,746; 9,550,759; 9,630,955; and 10,071,085",,
"8,268,800; 8,618,075; and 9,567,363",,
"8,034,061; 8,758,389; 8,961,556; and 10,201,337",,
7935787,2014-11-25T04:00:00Z,WYETH LLC
"7,399,300 and 7,572,257",,
"9,872,865; 10,251,896; 10,857,162; 11,071,742; 10,857,162; and 11,071,742",,
8911786,2014-12-16T04:00:00Z,"ABRAXIS BIOSCIENCE, LLC"
"RE47,929",,
8198242,2012-06-12T04:00:00Z,BIOMARIN PHARMACEUTICAL INC
8198242,2012-06-12T04:00:00Z,BIOMARIN PHARMACEUTICAL INC
7780723,2010-08-24T04:00:00Z,EDWARDS LIFESCIENCES CORPORATION
"6,851,804 and 6,905,641",,
"8,148,401; 8,431,597",,
"9,193,701 and RE49,582",,
10195160,2019-07-23T04:00:00Z,DERMAVANT SCIENCES GMBH
"9,035,074; 9,545,405",,
"9,815,897 and 10,738,117",,
"9,194,011 and 10,280,414",,
"8,314,319 and 8,658,162",,
"7,982,016 and 8,163,284",,
"8,163,881 and 8,834,871",,
8519100,0001-01-01T00:00:00Z,BIOPHARMA CREDIT PLC
10577422,2020-03-03T05:00:00Z,"MACROGENICS, INC."
10072088,2018-09-11T05:00:00Z,"JANSSEN BIOTECH, INC."
10233243,2019-03-19T05:00:00Z,UCB BIOPHARMA SRL
"8,268,314 and 9,695,233",,
"8,877,197 and 10,450,382",,
"8,877,197 and 10,450,382",,
"10,174,124 and 11,186,650",,
"9,340,587; 9,956,435; and 10,111,939",,
"9,487,581; 10,232,040; and 11,446,377",,
9023995,2015-05-05T04:00:00Z,BOEHRINGER INGELHEIM INTERNATIONAL GMBH
9023995,2015-05-05T04:00:00Z,BOEHRINGER INGELHEIM INTERNATIONAL GMBH
"8,349,319 and 8,658,162",,
9834539,0001-01-01T00:00:00Z,"FORMA THERAPEUTICS, INC."
8987441,2015-03-24T04:00:00Z,"SHIONOGI & CO., LTD."
8012976,2018-07-24T04:00:00Z,MEDIVATION TECHNOLOGIES LLC
"7,781,577 and 8,217,156",,
"7,820,657; 8,129,374; 8,357,690; 8,557,810; and 8,836,218",,
"10,058,615; 10,369,117; 10,449,164; 10,576,154; 11,357,738",,
8080580,2010-09-28T05:00:00Z,PFIZER INC.
"9,308,204 and 9,439,901",,
11052064,2021-07-06T04:00:00Z,VERRICA PHARMACEUTICALS INC.
"9,308,204 and 9,439,902",,
10398791,2019-09-03T04:00:00Z,NOVARTIS AG
7722856,2010-05-25T04:00:00Z,CYCLOMEDICA AUSTRALIA PTY LIMITED
8318714,0001-01-01T00:00:00Z,"SAGARD HEALTHCARE ROYALTY PARTNERS, LP"
7977488,2011-07-12T04:00:00Z,TAKEDA PHARMACEUTICAL COMPANY LIMITED
7977488,2011-07-12T04:00:00Z,TAKEDA PHARMACEUTICAL COMPANY LIMITED
"8,722,619; 9,526,835; and 10,702,573",,
"7,612,114 and 8,399,520",,
"7,645,789; 7,776,905; 8,415,387; 8,598,181; 8,623,905; and 9,035,072",,
"7,645,789; 7,776,905; 8,415,387; 8,598,181; 8,623,905; and 9,035,072",,
"7,645,789; 7,776,905; 8,415,387; 8,598,181; 8,623,905; and 9,035,072",,
9732075,2018-03-20T04:00:00Z,IDORSIA PHARMACEUTICALS LTD
"8,486,941 and RE48,285",,
7662972,2010-02-16T04:00:00Z,NISSAN CHEMICAL CORPORATION
"8,648,097; 8,685,986; 10,702,511",,
8481546,2013-07-09T04:00:00Z,BRISTOL-MYERS SQUIBB COMPANY
8324208,0001-01-01T00:00:00Z,GLAXOSMITHKLINE LLC
9212204,2015-12-15T04:00:00Z,NEUREN PHARMACEUTICALS LIMITED
8114863,2012-02-14T04:00:00Z,GUERBET
"7,829,574; 8,212,033; 10,519,142; and 11,046,674",,
"7,342,118; 7,795,447; and 7,951,958",,
,,
,,
